0,1,2,3,4,5,6,7,8,9,10,11,12,13,14,15,16,17,18,19,20,21,22,23,24,25,26,27,28,29,30,31,Vazao
1719546469,2024-06-28 00:47:49, 'No Hostname','No Hostname',ac-lanac.bkb.rnp.br,ro-ac-oi.bkb.rnp.br,cmt1-mxro-infobarra.bkb.rnp.br,cdf2-cmt1-telebras.bkb.rnp.br,cto1-cdf2-tlb.bkb.rnp.br,cpa1-cto1-tlb.bkb.rnp.br,ap1-pa1-tlb.bkb.rnp.br,popap-cap1.bkb.rnp.br,monipe-ap-atraso.rnp.br,,,,,,,,,,,,,,,,,,,,679688016.0
1719570594,2024-06-28 07:29:54, 'No Hostname','No Hostname',ac-lanac.bkb.rnp.br,ro-ac-oi.bkb.rnp.br,cmt1-mxro-infobarra.bkb.rnp.br,cdf2-cmt1-telebras.bkb.rnp.br,cto1-cdf2-tlb.bkb.rnp.br,cpa1-cto1-tlb.bkb.rnp.br,ap1-pa1-tlb.bkb.rnp.br,popap-cap1.bkb.rnp.br,monipe-ap-atraso.rnp.br,,,,,,,,,,,,,,,,,,,,737046097.0
1719675741,2024-06-29 12:42:21, 'No Hostname','No Hostname',ac-lanac.bkb.rnp.br,ro-ac-oi.bkb.rnp.br,cmt1-mxro-infobarra.bkb.rnp.br,cdf2-cmt1-telebras.bkb.rnp.br,cto1-cdf2-tlb.bkb.rnp.br,cpa1-cto1-tlb.bkb.rnp.br,ap1-pa1-tlb.bkb.rnp.br,popap-cap1.bkb.rnp.br,monipe-ap-atraso.rnp.br,,,,,,,,,,,,,,,,,,,,669779996.0
1719715230,2024-06-29 23:40:30, 'No Hostname','No Hostname',ac-lanac.bkb.rnp.br,ro-ac-oi.bkb.rnp.br,cmt1-ro-infobarra.bkb.rnp.br,cdf2-cmt1-telebras.bkb.rnp.br,cdf1-cdf2.bkb.rnp.br,mxam-cdf1-3g-sitelbra.bkb.rnp.br,ap1-am-tlb.bkb.rnp.br,popap-cap1.bkb.rnp.br,monipe-ap-atraso.rnp.br,,,,,,,,,,,,,,,,,,,,747773541.0
1719781213,2024-06-30 18:00:13, 'No Hostname','No Hostname',ac-lanac.bkb.rnp.br,ro-ac-oi.bkb.rnp.br,cmt1-mxro-infobarra.bkb.rnp.br,cdf2-cmt1-telebras.bkb.rnp.br,cto1-cdf2-tlb.bkb.rnp.br,cpa1-cto1-tlb.bkb.rnp.br,ap1-pa1-tlb.bkb.rnp.br,popap-cap1.bkb.rnp.br,monipe-ap-atraso.rnp.br,,,,,,,,,,,,,,,,,,,,758279705.0
1719900881,2024-07-02 03:14:41, 'No Hostname','No Hostname',ac-lanac.bkb.rnp.br,mxro-mxac-3g-allo.bkb.rnp.br,cmt1-ro-infobarra.bkb.rnp.br,cdf2-cmt1-telebras.bkb.rnp.br,cto1-cdf2-tlb.bkb.rnp.br,cpa1-cto1-tlb.bkb.rnp.br,ap1-pa1-tlb.bkb.rnp.br,popap-cap1.bkb.rnp.br,monipe-ap-atraso.rnp.br,,,,,,,,,,,,,,,,,,,,714084361.0
1719923583,2024-07-02 09:33:03, 'No Hostname','No Hostname',ac-lanac.bkb.rnp.br,ro-ac-oi.bkb.rnp.br,cmt1-ro-infobarra.bkb.rnp.br,cdf2-cmt1-telebras.bkb.rnp.br,cto1-cdf2-tlb.bkb.rnp.br,cpa1-cto1-tlb.bkb.rnp.br,ap1-pa1-tlb.bkb.rnp.br,popap-cap1.bkb.rnp.br,monipe-ap-atraso.rnp.br,,,,,,,,,,,,,,,,,,,,720846130.0
1719952086,2024-07-02 17:28:06, 'No Hostname','No Hostname',ac-lanac.bkb.rnp.br,ro-ac-oi.bkb.rnp.br,cmt1-ro-infobarra.bkb.rnp.br,cdf2-cmt1-telebras.bkb.rnp.br,cto1-cdf2-tlb.bkb.rnp.br,cpa1-cto1-tlb.bkb.rnp.br,ap1-pa1-tlb.bkb.rnp.br,popap-cap1.bkb.rnp.br,monipe-ap-atraso.rnp.br,,,,,,,,,,,,,,,,,,,,762775295.0
1720054178,2024-07-03 21:49:38, 'No Hostname','No Hostname',ac-lanac.bkb.rnp.br,mxro-mxac-3g-allo.bkb.rnp.br,cmt1-ro-infobarra.bkb.rnp.br,cdf2-cmt1-telebras.bkb.rnp.br,cto1-cdf2-tlb.bkb.rnp.br,cpa1-cto1-tlb.bkb.rnp.br,ap1-pa1-tlb.bkb.rnp.br,popap-cap1.bkb.rnp.br,monipe-ap-atraso.rnp.br,,,,,,,,,,,,,,,,,,,,654001560.0
1720083812,2024-07-04 06:03:32, 'No Hostname','No Hostname',ac-lanac.bkb.rnp.br,ro-ac-oi.bkb.rnp.br,cmt1-mxro-infobarra.bkb.rnp.br,cdf2-cmt1-telebras.bkb.rnp.br,cto1-cdf2-tlb.bkb.rnp.br,cpa1-cto1-tlb.bkb.rnp.br,ap1-pa1-tlb.bkb.rnp.br,popap-cap1.bkb.rnp.br,monipe-ap-atraso.rnp.br,,,,,,,,,,,,,,,,,,,,754768816.0
1720182817,2024-07-05 09:33:37, 'No Hostname','No Hostname',ac-lanac.bkb.rnp.br,ro-ac-oi.bkb.rnp.br,cmt1-mxro-infobarra.bkb.rnp.br,ms-cmt1-telebras.bkb.rnp.br,cpr1-ms-acessoline.bkb.rnp.br,csp2-cpr1-tlb.bkb.rnp.br,cmg2-csp2-infobarra.rnp.br,cdf1-cmg2-mobiwire.bkb.rnp.br,cdf2-cdf1.bkb.rnp.br,cto1-cdf2-tlb.bkb.rnp.br,cpa1-cto1-tlb.bkb.rnp.br,ap1-pa1-tlb.bkb.rnp.br,popap-cap1.bkb.rnp.br,monipe-ap-atraso.rnp.br,,,,,,,,,,,,,,,790155906.0
1720199730,2024-07-05 14:15:30, 'No Hostname','No Hostname',ac-lanac.bkb.rnp.br,ro-ac-oi.bkb.rnp.br,cmt1-mxro-infobarra.bkb.rnp.br,ms-cmt1-telebras.bkb.rnp.br,cpr1-ms-acessoline.bkb.rnp.br,csp2-cpr1-tlb.bkb.rnp.br,cmg2-csp2-infobarra.rnp.br,cdf1-cmg2-mobiwire.bkb.rnp.br,cdf2-cdf1.bkb.rnp.br,cto1-cdf2-tlb.bkb.rnp.br,cpa1-cto1-tlb.bkb.rnp.br,ap1-pa1-tlb.bkb.rnp.br,popap-cap1.bkb.rnp.br,monipe-ap-atraso.rnp.br,,,,,,,,,,,,,,,771859456.0
1720215438,2024-07-05 18:37:18, 'No Hostname','No Hostname',ac-lanac.bkb.rnp.br,mxro-mxac-3g-allo.bkb.rnp.br,cmt1-mxro-infobarra.bkb.rnp.br,cdf2-cmt1-telebras.bkb.rnp.br,cto1-cdf2-tlb.bkb.rnp.br,cpa1-cto1-tlb.bkb.rnp.br,ap1-pa1-tlb.bkb.rnp.br,popap-cap1.bkb.rnp.br,monipe-ap-atraso.rnp.br,,,,,,,,,,,,,,,,,,,,690908971.0
1720230852,2024-07-05 22:54:12, 'No Hostname','No Hostname',ac-lanac.bkb.rnp.br,ro-ac-oi.bkb.rnp.br,cmt1-mxro-infobarra.bkb.rnp.br,cdf2-cmt1-telebras.bkb.rnp.br,cto1-cdf2-tlb.bkb.rnp.br,cpa1-cto1-tlb.bkb.rnp.br,ap1-pa1-tlb.bkb.rnp.br,popap-cap1.bkb.rnp.br,monipe-ap-atraso.rnp.br,,,,,,,,,,,,,,,,,,,,722051455.0
1720281765,2024-07-06 13:02:45, 'No Hostname','No Hostname',ac-lanac.bkb.rnp.br,ro-ac-oi.bkb.rnp.br,cmt1-mxro-infobarra.bkb.rnp.br,cdf2-cmt1-telebras.bkb.rnp.br,cto1-cdf2-tlb.bkb.rnp.br,cpa1-cto1-tlb.bkb.rnp.br,ap1-pa1-tlb.bkb.rnp.br,popap-cap1.bkb.rnp.br,monipe-ap-atraso.rnp.br,,,,,,,,,,,,,,,,,,,,651259251.0
1720380866,2024-07-07 16:34:26, 'No Hostname','No Hostname',ac-lanac.bkb.rnp.br,ro-ac-oi.bkb.rnp.br,cmt1-mxro-infobarra.bkb.rnp.br,cdf2-cmt1-telebras.bkb.rnp.br,cto1-cdf2-tlb.bkb.rnp.br,cpa1-cto1-tlb.bkb.rnp.br,ap1-pa1-tlb.bkb.rnp.br,popap-cap1.bkb.rnp.br,monipe-ap-atraso.rnp.br,,,,,,,,,,,,,,,,,,,,766352842.0
1720392183,2024-07-07 19:43:03, 'No Hostname','No Hostname',ac-lanac.bkb.rnp.br,ro-ac-oi.bkb.rnp.br,cmt1-mxro-infobarra.bkb.rnp.br,cdf2-cmt1-telebras.bkb.rnp.br,cto1-cdf2-tlb.bkb.rnp.br,cpa1-cto1-tlb.bkb.rnp.br,ap1-pa1-tlb.bkb.rnp.br,popap-cap1.bkb.rnp.br,monipe-ap-atraso.rnp.br,,,,,,,,,,,,,,,,,,,,790996311.0
1720434549,2024-07-08 07:29:09, 'No Hostname','No Hostname',ac-lanac.bkb.rnp.br,mxro-mxac-3g-allo.bkb.rnp.br,cmt1-ro-infobarra.bkb.rnp.br,cdf2-cmt1-telebras.bkb.rnp.br,cto1-cdf2-tlb.bkb.rnp.br,cpa1-cto1-tlb.bkb.rnp.br,ap1-pa1-tlb.bkb.rnp.br,popap-cap1.bkb.rnp.br,monipe-ap-atraso.rnp.br,,,,,,,,,,,,,,,,,,,,819408936.0
1720434853,2024-07-08 07:34:13, 'No Hostname','No Hostname',ac-lanac.bkb.rnp.br,mxro-mxac-3g-allo.bkb.rnp.br,cmt1-ro-infobarra.bkb.rnp.br,cdf2-cmt1-telebras.bkb.rnp.br,cto1-cdf2-tlb.bkb.rnp.br,cpa1-cto1-tlb.bkb.rnp.br,ap1-pa1-tlb.bkb.rnp.br,popap-cap1.bkb.rnp.br,monipe-ap-atraso.rnp.br,,,,,,,,,,,,,,,,,,,,763575982.0
1720452569,2024-07-08 12:29:29, 'No Hostname','No Hostname',ac-lanac.bkb.rnp.br,mxro-mxac-3g-allo.bkb.rnp.br,cmt1-ro-infobarra.bkb.rnp.br,cdf2-cmt1-telebras.bkb.rnp.br,cdf1-cdf2.bkb.rnp.br,mxam-cdf1-3g-sitelbra.bkb.rnp.br,ap1-am-tlb.bkb.rnp.br,popap-cap1.bkb.rnp.br,monipe-ap-atraso.rnp.br,,,,,,,,,,,,,,,,,,,,641730693.0
1720457994,2024-07-08 13:59:54, 'No Hostname','No Hostname',ac-lanac.bkb.rnp.br,ro-ac-oi.bkb.rnp.br,cmt1-mxro-infobarra.bkb.rnp.br,cdf2-cmt1-telebras.bkb.rnp.br,cma1-cdf2-tlb.bkb.rnp.br,cpa1-cma1-mobwire.bkb.rnp.br,ap1-pa1-tlb.bkb.rnp.br,popap-cap1.bkb.rnp.br,'No Hostname',monipe-ap-atraso.rnp.br,,,,,,,,,,,,,,,,,,,756757450.0
1720522718,2024-07-09 07:58:38, 'No Hostname','No Hostname',ac-lanac.bkb.rnp.br,ro-ac-oi.bkb.rnp.br,cmt1-mxro-infobarra.bkb.rnp.br,go-df2-acessonline.bkb.rnp.br,cdf1-mxgo-brdigital.bkb.rnp.br,mxam-cdf1-3g-sitelbra.bkb.rnp.br,ap1-am-tlb.bkb.rnp.br,popap-cap1.bkb.rnp.br,monipe-ap-atraso.rnp.br,,,,,,,,,,,,,,,,,,,,705482920.0
1720709625,2024-07-11 11:53:45, 'No Hostname','No Hostname',ac-lanac.bkb.rnp.br,ro-ac-oi.bkb.rnp.br,cmt1-ro-infobarra.bkb.rnp.br,cdf2-cmt1-telebras.bkb.rnp.br,cto1-cdf2-tlb.bkb.rnp.br,cpa1-cto1-tlb.bkb.rnp.br,ap1-pa1-tlb.bkb.rnp.br,popap-cap1.bkb.rnp.br,monipe-ap-atraso.rnp.br,,,,,,,,,,,,,,,,,,,,758383691.0
1720796774,2024-07-12 12:06:14, 'No Hostname','No Hostname',ac-lanac.bkb.rnp.br,ro-ac-oi.bkb.rnp.br,cmt1-mxro-infobarra.bkb.rnp.br,go-df2-acessonline.bkb.rnp.br,cdf2-go-tlbrs.bkb.rnp.br,cma1-cdf2-tlb.bkb.rnp.br,cpa1-cma1-mobwire.bkb.rnp.br,ap1-pa1-tlb.bkb.rnp.br,popap-cap1.bkb.rnp.br,monipe-ap-atraso.rnp.br,,,,,,,,,,,,,,,,,,,841285901.0
1720885346,2024-07-13 12:42:26, 'No Hostname','No Hostname',ac-lanac.bkb.rnp.br,ro-ac-oi.bkb.rnp.br,cmt1-mxro-infobarra.bkb.rnp.br,ms-cmt1-telebras.bkb.rnp.br,cpr1-ms-acessoline.bkb.rnp.br,csp2-cpr1-tlb.bkb.rnp.br,cmg2-csp2-infobarra.rnp.br,cdf1-cmg2-mobiwire.bkb.rnp.br,cdf2-cdf1.bkb.rnp.br,cto1-cdf2-tlb.bkb.rnp.br,cpa1-cto1-tlb.bkb.rnp.br,ap1-pa1-tlb.bkb.rnp.br,popap-cap1.bkb.rnp.br,monipe-ap-atraso.rnp.br,,,,,,,,,,,,,,,779356099.0
1719343176,2024-06-25 16:19:36, 'No Hostname','No Hostname',ac-lanac.bkb.rnp.br,ro-ac-oi.bkb.rnp.br,cmt1-mxro-infobarra.bkb.rnp.br,cdf2-cmt1-telebras.bkb.rnp.br,cto1-cdf2-tlb.bkb.rnp.br,cpa1-cto1-tlb.bkb.rnp.br,ap1-pa1-tlb.bkb.rnp.br,popap-cap1.bkb.rnp.br,monipe-ap-atraso.rnp.br,,,,,,,,,,,,,,,,,,,,634388892.0
1719358849,2024-06-25 20:40:49, 'No Hostname','No Hostname',ac-lanac.bkb.rnp.br,ro-ac-oi.bkb.rnp.br,cmt1-ro-infobarra.bkb.rnp.br,cdf2-cmt1-telebras.bkb.rnp.br,cto1-cdf2-tlb.bkb.rnp.br,cpa1-cto1-tlb.bkb.rnp.br,ap1-pa1-tlb.bkb.rnp.br,popap-cap1.bkb.rnp.br,monipe-ap-atraso.rnp.br,,,,,,,,,,,,,,,,,,,,759327069.0
1719451429,2024-06-26 22:23:49, 'No Hostname','No Hostname',ac-lanac.bkb.rnp.br,ro-ac-oi.bkb.rnp.br,cmt1-mxro-infobarra.bkb.rnp.br,cdf2-cmt1-telebras.bkb.rnp.br,cto1-cdf2-tlb.bkb.rnp.br,cpa1-cto1-tlb.bkb.rnp.br,ap1-pa1-tlb.bkb.rnp.br,popap-cap1.bkb.rnp.br,monipe-ap-atraso.rnp.br,,,,,,,,,,,,,,,,,,,,740351082.0
1719510834,2024-06-27 14:53:54, 'No Hostname','No Hostname',ac-lanac.bkb.rnp.br,ro-ac-oi.bkb.rnp.br,cmt1-mxro-infobarra.bkb.rnp.br,cdf2-cmt1-telebras.bkb.rnp.br,cto1-cdf2-tlb.bkb.rnp.br,cpa1-cto1-tlb.bkb.rnp.br,ap1-pa1-tlb.bkb.rnp.br,popap-cap1.bkb.rnp.br,monipe-ap-atraso.rnp.br,,,,,,,,,,,,,,,,,,,,671009070.0
1705546044,2024-01-17 23:47:24, gateway,ac-lanac.bkb.rnp.br,mxro-mxac-3g-allo.bkb.rnp.br,cmt1-ro-infobarra.bkb.rnp.br,cdf2-cmt1-telebras.bkb.rnp.br,cto1-cdf2-tlb.bkb.rnp.br,cpa1-cto1-tlb.bkb.rnp.br,ap1-pa1-tlb.bkb.rnp.br,popap-cap1.bkb.rnp.br,monipe-ap-atraso.rnp.br,,,,,,,,,,,,,,,,,,,,,915457766.0
1705595495,2024-01-18 13:31:35, gateway,ac-lanac.bkb.rnp.br,ro-ac-oi.bkb.rnp.br,cmt1-mxro-infobarra.bkb.rnp.br,cdf2-cmt1-telebras.bkb.rnp.br,cto1-cdf2-tlb.bkb.rnp.br,cpa1-cto1-tlb.bkb.rnp.br,ap1-pa1-tlb.bkb.rnp.br,popap-cap1.bkb.rnp.br,monipe-ap-atraso.rnp.br,,,,,,,,,,,,,,,,,,,,,914814167.0
1705607697,2024-01-18 16:54:57, gateway,ac-lanac.bkb.rnp.br,ro-ac-oi.bkb.rnp.br,cmt1-mxro-infobarra.bkb.rnp.br,cdf2-cmt1-telebras.bkb.rnp.br,cto1-cdf2-tlb.bkb.rnp.br,cpa1-cto1-tlb.bkb.rnp.br,ap1-pa1-tlb.bkb.rnp.br,popap-cap1.bkb.rnp.br,monipe-ap-atraso.rnp.br,,,,,,,,,,,,,,,,,,,,,917190940.0
1705653307,2024-01-19 05:35:07, gateway,ac-lanac.bkb.rnp.br,ro-ac-oi.bkb.rnp.br,cmt1-ro-infobarra.bkb.rnp.br,cdf2-cmt1-telebras.bkb.rnp.br,cdf1-cdf2.bkb.rnp.br,mxam-cdf1-3g-sitelbra.bkb.rnp.br,ap1-am-tlb.bkb.rnp.br,popap-cap1.bkb.rnp.br,monipe-ap-atraso.rnp.br,,,,,,,,,,,,,,,,,,,,,913992275.0
1705670221,2024-01-19 10:17:01, gateway,ac-lanac.bkb.rnp.br,mxro-mxac-3g-allo.bkb.rnp.br,cmt1-ro-infobarra.bkb.rnp.br,cdf2-cmt1-telebras.bkb.rnp.br,cto1-cdf2-tlb.bkb.rnp.br,cpa1-cto1-tlb.bkb.rnp.br,ap1-pa1-tlb.bkb.rnp.br,popap-cap1.bkb.rnp.br,monipe-ap-atraso.rnp.br,,,,,,,,,,,,,,,,,,,,,914938694.0
1705695687,2024-01-19 17:21:27, gateway,ac-lanac.bkb.rnp.br,mxro-mxac-3g-allo.bkb.rnp.br,cmt1-ro-infobarra.bkb.rnp.br,cdf2-cmt1-telebras.bkb.rnp.br,cto1-cdf2-tlb.bkb.rnp.br,cpa1-cto1-tlb.bkb.rnp.br,ap1-pa1-tlb.bkb.rnp.br,popap-cap1.bkb.rnp.br,monipe-ap-atraso.rnp.br,,,,,,,,,,,,,,,,,,,,,918238875.0
1705780057,2024-01-20 16:47:37, gateway,ac-lanac.bkb.rnp.br,mxro-mxac-3g-allo.bkb.rnp.br,cmt1-mxro-infobarra.bkb.rnp.br,cdf2-cmt1-telebras.bkb.rnp.br,cto1-cdf2-tlb.bkb.rnp.br,cpa1-cto1-tlb.bkb.rnp.br,ap1-pa1-tlb.bkb.rnp.br,popap-cap1.bkb.rnp.br,monipe-ap-atraso.rnp.br,,,,,,,,,,,,,,,,,,,,,915463918.0
1705956714,2024-01-22 17:51:54, gateway,ac-lanac.bkb.rnp.br,mxro-mxac-3g-allo.bkb.rnp.br,cmt1-mxro-infobarra.bkb.rnp.br,cdf2-cmt1-telebras.bkb.rnp.br,cto1-cdf2-tlb.bkb.rnp.br,cpa1-cto1-tlb.bkb.rnp.br,ap1-pa1-tlb.bkb.rnp.br,popap-cap1.bkb.rnp.br,monipe-ap-atraso.rnp.br,,,,,,,,,,,,,,,,,,,,,907492413.0
1705976681,2024-01-22 23:24:41, gateway,ac-lanac.bkb.rnp.br,ro-ac-oi.bkb.rnp.br,cmt1-ro-infobarra.bkb.rnp.br,cdf2-cmt1-telebras.bkb.rnp.br,cto1-cdf2-tlb.bkb.rnp.br,cpa1-cto1-tlb.bkb.rnp.br,ap1-pa1-tlb.bkb.rnp.br,popap-cap1.bkb.rnp.br,monipe-ap-atraso.rnp.br,,,,,,,,,,,,,,,,,,,,,796465496.0
1706057944,2024-01-23 21:59:04, gateway,ac-lanac.bkb.rnp.br,ro-ac-oi.bkb.rnp.br,cmt1-mxro-infobarra.bkb.rnp.br,cdf2-cmt1-telebras.bkb.rnp.br,cto1-cdf2-tlb.bkb.rnp.br,cpa1-cto1-tlb.bkb.rnp.br,ap1-pa1-tlb.bkb.rnp.br,popap-cap1.bkb.rnp.br,monipe-ap-atraso.rnp.br,,,,,,,,,,,,,,,,,,,,,868010084.0
1706136448,2024-01-24 19:47:28, gateway,ac-lanac.bkb.rnp.br,mxro-mxac-3g-allo.bkb.rnp.br,cmt1-ro-infobarra.bkb.rnp.br,cdf2-cmt1-telebras.bkb.rnp.br,cto1-cdf2-tlb.bkb.rnp.br,cpa1-cto1-tlb.bkb.rnp.br,ap1-pa1-tlb.bkb.rnp.br,popap-cap1.bkb.rnp.br,monipe-ap-atraso.rnp.br,,,,,,,,,,,,,,,,,,,,,584938060.0
1706181893,2024-01-25 08:24:53, gateway,ac-lanac.bkb.rnp.br,ro-ac-oi.bkb.rnp.br,cmt1-mxro-infobarra.bkb.rnp.br,cdf2-cmt1-telebras.bkb.rnp.br,cto1-cdf2-tlb.bkb.rnp.br,cpa1-cto1-tlb.bkb.rnp.br,ap1-pa1-tlb.bkb.rnp.br,popap-cap1.bkb.rnp.br,monipe-ap-atraso.rnp.br,,,,,,,,,,,,,,,,,,,,,885307449.0
1706324078,2024-01-26 23:54:38, gateway,ac-lanac.bkb.rnp.br,ro-ac-oi.bkb.rnp.br,cmt1-mxro-infobarra.bkb.rnp.br,cdf2-cmt1-telebras.bkb.rnp.br,cto1-cdf2-tlb.bkb.rnp.br,cpa1-cto1-tlb.bkb.rnp.br,ap1-pa1-tlb.bkb.rnp.br,popap-cap1.bkb.rnp.br,monipe-ap-atraso.rnp.br,,,,,,,,,,,,,,,,,,,,,902617799.0
1706388414,2024-01-27 17:46:54, gateway,ac-lanac.bkb.rnp.br,ro-ac-oi.bkb.rnp.br,cmt1-mxro-infobarra.bkb.rnp.br,cdf2-cmt1-telebras.bkb.rnp.br,cto1-cdf2-tlb.bkb.rnp.br,cpa1-cto1-tlb.bkb.rnp.br,ap1-pa1-tlb.bkb.rnp.br,popap-cap1.bkb.rnp.br,monipe-ap-atraso.rnp.br,,,,,,,,,,,,,,,,,,,,,880719925.0
1706466557,2024-01-28 15:29:17, gateway,ac-lanac.bkb.rnp.br,ro-ac-oi.bkb.rnp.br,cmt1-mxro-infobarra.bkb.rnp.br,cdf2-cmt1-telebras.bkb.rnp.br,cdf1-cdf2.bkb.rnp.br,mxam-cdf1-3g-sitelbra.bkb.rnp.br,ap1-am-tlb.bkb.rnp.br,popap-cap1.bkb.rnp.br,monipe-ap-atraso.rnp.br,,,,,,,,,,,,,,,,,,,,,835874280.0
1706551035,2024-01-29 14:57:15, gateway,ac-lanac.bkb.rnp.br,ro-ac-oi.bkb.rnp.br,cmt1-mxro-infobarra.bkb.rnp.br,go-df2-acessonline.bkb.rnp.br,cdf1-mxgo-brdigital.bkb.rnp.br,mxam-cdf1-3g-sitelbra.bkb.rnp.br,ap1-am-tlb.bkb.rnp.br,popap-cap1.bkb.rnp.br,monipe-ap-atraso.rnp.br,,,,,,,,,,,,,,,,,,,,,855103979.0
1706598509,2024-01-30 04:08:29, gateway,ac-lanac.bkb.rnp.br,ro-ac-oi.bkb.rnp.br,cmt1-ro-infobarra.bkb.rnp.br,cdf2-cmt1-telebras.bkb.rnp.br,cto1-cdf2-tlb.bkb.rnp.br,cpa1-cto1-tlb.bkb.rnp.br,ap1-pa1-tlb.bkb.rnp.br,popap-cap1.bkb.rnp.br,monipe-ap-atraso.rnp.br,,,,,,,,,,,,,,,,,,,,,896478975.0
1706785409,2024-02-01 08:03:29, gateway,ac-lanac.bkb.rnp.br,mxro-mxac-3g-allo.bkb.rnp.br,cmt1-mxro-infobarra.bkb.rnp.br,cdf2-cmt1-telebras.bkb.rnp.br,cto1-cdf2-tlb.bkb.rnp.br,cpa1-cto1-tlb.bkb.rnp.br,ap1-pa1-tlb.bkb.rnp.br,popap-cap1.bkb.rnp.br,monipe-ap-atraso.rnp.br,,,,,,,,,,,,,,,,,,,,,918554137.0
1706800188,2024-02-01 12:09:48, gateway,ac-lanac.bkb.rnp.br,ro-ac-oi.bkb.rnp.br,cmt1-ro-infobarra.bkb.rnp.br,cdf2-cmt1-telebras.bkb.rnp.br,cto1-cdf2-tlb.bkb.rnp.br,cpa1-cto1-tlb.bkb.rnp.br,ap1-pa1-tlb.bkb.rnp.br,popap-cap1.bkb.rnp.br,monipe-ap-atraso.rnp.br,,,,,,,,,,,,,,,,,,,,,899730681.0
1706841467,2024-02-01 23:37:47, gateway,ac-lanac.bkb.rnp.br,mxro-mxac-3g-allo.bkb.rnp.br,cmt1-mxro-infobarra.bkb.rnp.br,cdf2-cmt1-telebras.bkb.rnp.br,cdf1-cdf2.bkb.rnp.br,mxam-cdf1-3g-sitelbra.bkb.rnp.br,ap1-am-tlb.bkb.rnp.br,popap-cap1.bkb.rnp.br,monipe-ap-atraso.rnp.br,,,,,,,,,,,,,,,,,,,,,898157593.0
1706875083,2024-02-02 08:58:03, gateway,ac-lanac.bkb.rnp.br,mxro-mxac-3g-allo.bkb.rnp.br,cmt1-mxro-infobarra.bkb.rnp.br,cdf2-cmt1-telebras.bkb.rnp.br,cdf1-cdf2.bkb.rnp.br,mxam-cdf1-3g-sitelbra.bkb.rnp.br,ap1-am-tlb.bkb.rnp.br,popap-cap1.bkb.rnp.br,monipe-ap-atraso.rnp.br,,,,,,,,,,,,,,,,,,,,,897191008.0
1706899665,2024-02-02 15:47:45, gateway,ac-lanac.bkb.rnp.br,mxro-mxac-3g-allo.bkb.rnp.br,cmt1-mxro-infobarra.bkb.rnp.br,cdf2-cmt1-telebras.bkb.rnp.br,cto1-cdf2-tlb.bkb.rnp.br,cpa1-cto1-tlb.bkb.rnp.br,ap1-pa1-tlb.bkb.rnp.br,popap-cap1.bkb.rnp.br,monipe-ap-atraso.rnp.br,,,,,,,,,,,,,,,,,,,,,878872763.0
1706904679,2024-02-02 17:11:19, gateway,ac-lanac.bkb.rnp.br,ro-ac-oi.bkb.rnp.br,cmt1-ro-infobarra.bkb.rnp.br,cdf2-cmt1-telebras.bkb.rnp.br,cto1-cdf2-tlb.bkb.rnp.br,cpa1-cto1-tlb.bkb.rnp.br,ap1-pa1-tlb.bkb.rnp.br,popap-cap1.bkb.rnp.br,monipe-ap-atraso.rnp.br,,,,,,,,,,,,,,,,,,,,,889103517.0
1706945674,2024-02-03 04:34:34, gateway,ac-lanac.bkb.rnp.br,ro-ac-oi.bkb.rnp.br,cmt1-ro-infobarra.bkb.rnp.br,cdf2-cmt1-telebras.bkb.rnp.br,cto1-cdf2-tlb.bkb.rnp.br,cpa1-cto1-tlb.bkb.rnp.br,ap1-pa1-tlb.bkb.rnp.br,popap-cap1.bkb.rnp.br,monipe-ap-atraso.rnp.br,,,,,,,,,,,,,,,,,,,,,916035993.0
1706959732,2024-02-03 08:28:52, gateway,ac-lanac.bkb.rnp.br,mxro-mxac-3g-allo.bkb.rnp.br,cmt1-mxro-infobarra.bkb.rnp.br,cdf2-cmt1-telebras.bkb.rnp.br,cto1-cdf2-tlb.bkb.rnp.br,cpa1-cto1-tlb.bkb.rnp.br,ap1-pa1-tlb.bkb.rnp.br,popap-cap1.bkb.rnp.br,monipe-ap-atraso.rnp.br,,,,,,,,,,,,,,,,,,,,,915722794.0
1707000274,2024-02-03 19:44:34, gateway,ac-lanac.bkb.rnp.br,mxro-mxac-3g-allo.bkb.rnp.br,cmt1-mxro-infobarra.bkb.rnp.br,cdf2-cmt1-telebras.bkb.rnp.br,cto1-cdf2-tlb.bkb.rnp.br,cpa1-cto1-tlb.bkb.rnp.br,ap1-pa1-tlb.bkb.rnp.br,popap-cap1.bkb.rnp.br,monipe-ap-atraso.rnp.br,,,,,,,,,,,,,,,,,,,,,912367619.0
1707052088,2024-02-04 10:08:08, gateway,ac-lanac.bkb.rnp.br,ro-ac-oi.bkb.rnp.br,cmt1-mxro-infobarra.bkb.rnp.br,cdf2-cmt1-telebras.bkb.rnp.br,cto1-cdf2-tlb.bkb.rnp.br,cpa1-cto1-tlb.bkb.rnp.br,ap1-pa1-tlb.bkb.rnp.br,popap-cap1.bkb.rnp.br,monipe-ap-atraso.rnp.br,,,,,,,,,,,,,,,,,,,,,905500023.0
1707072387,2024-02-04 15:46:27, gateway,ac-lanac.bkb.rnp.br,mxro-mxac-3g-allo.bkb.rnp.br,cmt1-ro-infobarra.bkb.rnp.br,cdf2-cmt1-telebras.bkb.rnp.br,cto1-cdf2-tlb.bkb.rnp.br,cpa1-cto1-tlb.bkb.rnp.br,ap1-pa1-tlb.bkb.rnp.br,popap-cap1.bkb.rnp.br,monipe-ap-atraso.rnp.br,,,,,,,,,,,,,,,,,,,,,915819272.0
1707092109,2024-02-04 21:15:09, gateway,ac-lanac.bkb.rnp.br,ro-ac-oi.bkb.rnp.br,cmt1-ro-infobarra.bkb.rnp.br,cdf2-cmt1-telebras.bkb.rnp.br,cto1-cdf2-tlb.bkb.rnp.br,cpa1-cto1-tlb.bkb.rnp.br,ap1-pa1-tlb.bkb.rnp.br,popap-cap1.bkb.rnp.br,monipe-ap-atraso.rnp.br,,,,,,,,,,,,,,,,,,,,,919181905.0
1707163113,2024-02-05 16:58:33, gateway,ac-lanac.bkb.rnp.br,mxro-mxac-3g-allo.bkb.rnp.br,cmt1-ro-infobarra.bkb.rnp.br,cdf2-cmt1-telebras.bkb.rnp.br,cto1-cdf2-tlb.bkb.rnp.br,cpa1-cto1-tlb.bkb.rnp.br,ap1-pa1-tlb.bkb.rnp.br,popap-cap1.bkb.rnp.br,monipe-ap-atraso.rnp.br,,,,,,,,,,,,,,,,,,,,,911846567.0
1707295765,2024-02-07 05:49:25, gateway,ac-lanac.bkb.rnp.br,mxro-mxac-3g-allo.bkb.rnp.br,cmt1-ro-infobarra.bkb.rnp.br,cdf2-cmt1-telebras.bkb.rnp.br,cto1-cdf2-tlb.bkb.rnp.br,cpa1-cto1-tlb.bkb.rnp.br,ap1-pa1-tlb.bkb.rnp.br,popap-cap1.bkb.rnp.br,monipe-ap-atraso.rnp.br,,,,,,,,,,,,,,,,,,,,,916512022.0
1707347655,2024-02-07 20:14:15, gateway,ac-lanac.bkb.rnp.br,ro-ac-oi.bkb.rnp.br,cmt1-mxro-infobarra.bkb.rnp.br,go-df2-acessonline.bkb.rnp.br,df2-go-tlbrs.bkb.rnp.br,cdf2-mxdf2.bkb.rnp.br,cto1-cdf2-tlb.bkb.rnp.br,cpa1-cto1-tlb.bkb.rnp.br,ap1-pa1-tlb.bkb.rnp.br,popap-cap1.bkb.rnp.br,monipe-ap-atraso.rnp.br,,,,,,,,,,,,,,,,,,,898581606.0
1707388462,2024-02-08 07:34:22, gateway,ac-lanac.bkb.rnp.br,ro-ac-oi.bkb.rnp.br,cmt1-mxro-infobarra.bkb.rnp.br,cdf2-cmt1-telebras.bkb.rnp.br,cma1-cdf2-tlb.bkb.rnp.br,cpa1-cma1-mobwire.bkb.rnp.br,ap1-pa1-tlb.bkb.rnp.br,popap-cap1.bkb.rnp.br,monipe-ap-atraso.rnp.br,,,,,,,,,,,,,,,,,,,,,919341398.0
1707406488,2024-02-08 12:34:48, gateway,ac-lanac.bkb.rnp.br,ro-ac-oi.bkb.rnp.br,cmt1-ro-infobarra.bkb.rnp.br,cdf2-cmt1-telebras.bkb.rnp.br,cto1-cdf2-tlb.bkb.rnp.br,cpa1-cto1-tlb.bkb.rnp.br,ap1-pa1-tlb.bkb.rnp.br,popap-cap1.bkb.rnp.br,monipe-ap-atraso.rnp.br,,,,,,,,,,,,,,,,,,,,,911571317.0
1707682786,2024-02-11 17:19:46, gateway,ac-lanac.bkb.rnp.br,ro-ac-oi.bkb.rnp.br,cmt1-mxro-infobarra.bkb.rnp.br,go-df2-acessonline.bkb.rnp.br,df2-go-tlbrs.bkb.rnp.br,cdf2-mxdf2.bkb.rnp.br,cto1-cdf2-tlb.bkb.rnp.br,cpa1-cto1-tlb.bkb.rnp.br,ap1-pa1-tlb.bkb.rnp.br,popap-cap1.bkb.rnp.br,monipe-ap-atraso.rnp.br,,,,,,,,,,,,,,,,,,,916362616.0
1707828037,2024-02-13 09:40:37, gateway,ac-lanac.bkb.rnp.br,mxro-mxac-3g-allo.bkb.rnp.br,cmt1-mxro-infobarra.bkb.rnp.br,cdf2-cmt1-telebras.bkb.rnp.br,cto1-cdf2-tlb.bkb.rnp.br,cpa1-cto1-tlb.bkb.rnp.br,ap1-pa1-tlb.bkb.rnp.br,popap-cap1.bkb.rnp.br,monipe-ap-atraso.rnp.br,,,,,,,,,,,,,,,,,,,,,917663319.0
1707944458,2024-02-14 18:00:58, gateway,ac-lanac.bkb.rnp.br,mxro-mxac-3g-allo.bkb.rnp.br,cmt1-mxro-infobarra.bkb.rnp.br,cdf2-cmt1-telebras.bkb.rnp.br,cto1-cdf2-tlb.bkb.rnp.br,cpa1-cto1-tlb.bkb.rnp.br,ap1-pa1-tlb.bkb.rnp.br,popap-cap1.bkb.rnp.br,monipe-ap-atraso.rnp.br,,,,,,,,,,,,,,,,,,,,,920140235.0
1708167473,2024-02-17 07:57:53, gateway,ac-lanac.bkb.rnp.br,mxro-mxac-3g-allo.bkb.rnp.br,cmt1-mxro-infobarra.bkb.rnp.br,go-df2-acessonline.bkb.rnp.br,cdf1-mxgo-brdigital.bkb.rnp.br,mxam-cdf1-3g-sitelbra.bkb.rnp.br,ap1-am-tlb.bkb.rnp.br,popap-cap1.bkb.rnp.br,monipe-ap-atraso.rnp.br,,,,,,,,,,,,,,,,,,,,,916718209.0
1708187452,2024-02-17 13:30:52, gateway,ac-lanac.bkb.rnp.br,ro-ac-oi.bkb.rnp.br,cmt1-mxro-infobarra.bkb.rnp.br,cdf2-cmt1-telebras.bkb.rnp.br,cba1-cdf2-taesa.bkb.rnp.br,ce-ba-chesf.bkb.rnp.br,cce2-cce1.bkb.rnp.br,mxce2-cce2.bkb.rnp.br,'No Hostname','No Hostname','No Hostname',ap1-am-tlb.bkb.rnp.br,popap-cap1.bkb.rnp.br,monipe-ap-atraso.rnp.br,,,,,,,,,,,,,,,,86717382.0
1709029249,2024-02-27 07:20:49, gateway,ac-lanac.bkb.rnp.br,mxro-mxac-3g-allo.bkb.rnp.br,cmt1-mxro-infobarra.bkb.rnp.br,cdf2-cmt1-telebras.bkb.rnp.br,cto1-cdf2-tlb.bkb.rnp.br,cpa1-cto1-tlb.bkb.rnp.br,ap1-pa1-tlb.bkb.rnp.br,popap-cap1.bkb.rnp.br,monipe-ap-atraso.rnp.br,,,,,,,,,,,,,,,,,,,,,896901006.0
1709047065,2024-02-27 12:17:45, gateway,ac-lanac.bkb.rnp.br,ro-ac-oi.bkb.rnp.br,cmt1-mxro-infobarra.bkb.rnp.br,cdf2-cmt1-telebras.bkb.rnp.br,cto1-cdf2-tlb.bkb.rnp.br,cpa1-cto1-tlb.bkb.rnp.br,ap1-pa1-tlb.bkb.rnp.br,popap-cap1.bkb.rnp.br,monipe-ap-atraso.rnp.br,,,,,,,,,,,,,,,,,,,,,918020235.0
1709053935,2024-02-27 14:12:15, gateway,ac-lanac.bkb.rnp.br,mxro-mxac-3g-allo.bkb.rnp.br,cmt1-ro-infobarra.bkb.rnp.br,cdf2-cmt1-telebras.bkb.rnp.br,cto1-cdf2-tlb.bkb.rnp.br,cpa1-cto1-tlb.bkb.rnp.br,ap1-pa1-tlb.bkb.rnp.br,popap-cap1.bkb.rnp.br,monipe-ap-atraso.rnp.br,,,,,,,,,,,,,,,,,,,,,909431101.0
1709118225,2024-02-28 08:03:45, gateway,ac-lanac.bkb.rnp.br,mxro-mxac-3g-allo.bkb.rnp.br,cmt1-ro-infobarra.bkb.rnp.br,cdf2-cmt1-telebras.bkb.rnp.br,cto1-cdf2-tlb.bkb.rnp.br,cpa1-cto1-tlb.bkb.rnp.br,ap1-pa1-tlb.bkb.rnp.br,popap-cap1.bkb.rnp.br,monipe-ap-atraso.rnp.br,,,,,,,,,,,,,,,,,,,,,917613858.0
1709173921,2024-02-28 23:32:01, gateway,ac-lanac.bkb.rnp.br,mxro-mxac-3g-allo.bkb.rnp.br,cmt1-mxro-infobarra.bkb.rnp.br,cdf2-cmt1-telebras.bkb.rnp.br,cto1-cdf2-tlb.bkb.rnp.br,cpa1-cto1-tlb.bkb.rnp.br,ap1-pa1-tlb.bkb.rnp.br,popap-cap1.bkb.rnp.br,monipe-ap-atraso.rnp.br,,,,,,,,,,,,,,,,,,,,,914201762.0
1709207783,2024-02-29 08:56:23, gateway,ac-lanac.bkb.rnp.br,mxro-mxac-3g-allo.bkb.rnp.br,cmt1-mxro-infobarra.bkb.rnp.br,cdf2-cmt1-telebras.bkb.rnp.br,cto1-cdf2-tlb.bkb.rnp.br,cpa1-cto1-tlb.bkb.rnp.br,ap1-pa1-tlb.bkb.rnp.br,popap-cap1.bkb.rnp.br,monipe-ap-atraso.rnp.br,,,,,,,,,,,,,,,,,,,,,902825877.0
1709260698,2024-02-29 23:38:18, gateway,ac-lanac.bkb.rnp.br,mxro-mxac-3g-allo.bkb.rnp.br,cmt1-ro-infobarra.bkb.rnp.br,cdf2-cmt1-telebras.bkb.rnp.br,cto1-cdf2-tlb.bkb.rnp.br,cpa1-cto1-tlb.bkb.rnp.br,ap1-pa1-tlb.bkb.rnp.br,popap-cap1.bkb.rnp.br,monipe-ap-atraso.rnp.br,,,,,,,,,,,,,,,,,,,,,879389688.0
1709261054,2024-02-29 23:44:14, gateway,ac-lanac.bkb.rnp.br,mxro-mxac-3g-allo.bkb.rnp.br,cmt1-ro-infobarra.bkb.rnp.br,cdf2-cmt1-telebras.bkb.rnp.br,cto1-cdf2-tlb.bkb.rnp.br,cpa1-cto1-tlb.bkb.rnp.br,ap1-pa1-tlb.bkb.rnp.br,popap-cap1.bkb.rnp.br,monipe-ap-atraso.rnp.br,,,,,,,,,,,,,,,,,,,,,919771269.0
1709276195,2024-03-01 03:56:35, gateway,ac-lanac.bkb.rnp.br,ro-ac-oi.bkb.rnp.br,cmt1-ro-infobarra.bkb.rnp.br,cdf2-cmt1-telebras.bkb.rnp.br,cto1-cdf2-tlb.bkb.rnp.br,cpa1-cto1-tlb.bkb.rnp.br,ap1-pa1-tlb.bkb.rnp.br,popap-cap1.bkb.rnp.br,monipe-ap-atraso.rnp.br,,,,,,,,,,,,,,,,,,,,,916350428.0
1709345195,2024-03-01 23:06:35, gateway,ac-lanac.bkb.rnp.br,ro-ac-oi.bkb.rnp.br,cmt1-mxro-infobarra.bkb.rnp.br,cdf2-cmt1-telebras.bkb.rnp.br,cto1-cdf2-tlb.bkb.rnp.br,cpa1-cto1-tlb.bkb.rnp.br,ap1-pa1-tlb.bkb.rnp.br,popap-cap1.bkb.rnp.br,monipe-ap-atraso.rnp.br,,,,,,,,,,,,,,,,,,,,,917522572.0
1709375193,2024-03-02 07:26:33, gateway,ac-lanac.bkb.rnp.br,ro-ac-oi.bkb.rnp.br,cmt1-mxro-infobarra.bkb.rnp.br,cdf2-cmt1-telebras.bkb.rnp.br,cto1-cdf2-tlb.bkb.rnp.br,cpa1-cto1-tlb.bkb.rnp.br,ap1-pa1-tlb.bkb.rnp.br,popap-cap1.bkb.rnp.br,monipe-ap-atraso.rnp.br,,,,,,,,,,,,,,,,,,,,,919972293.0
1709507499,2024-03-03 20:11:39, gateway,ac-lanac.bkb.rnp.br,'No Hostname',cmt1-mxro-infobarra.bkb.rnp.br,cdf2-cmt1-telebras.bkb.rnp.br,cto1-cdf2-tlb.bkb.rnp.br,cpa1-cto1-tlb.bkb.rnp.br,ap1-pa1-tlb.bkb.rnp.br,popap-cap1.bkb.rnp.br,monipe-ap-atraso.rnp.br,,,,,,,,,,,,,,,,,,,,,917978900.0
1709538842,2024-03-04 04:54:02, gateway,ac-lanac.bkb.rnp.br,mxro-mxac-3g-allo.bkb.rnp.br,cmt1-mxro-infobarra.bkb.rnp.br,cdf2-cmt1-telebras.bkb.rnp.br,cto1-cdf2-tlb.bkb.rnp.br,cpa1-cto1-tlb.bkb.rnp.br,ap1-pa1-tlb.bkb.rnp.br,popap-cap1.bkb.rnp.br,monipe-ap-atraso.rnp.br,,,,,,,,,,,,,,,,,,,,,917822473.0
1709736987,2024-03-06 11:56:27, gateway,ac-lanac.bkb.rnp.br,mxro-mxac-3g-allo.bkb.rnp.br,cmt1-mxro-infobarra.bkb.rnp.br,cdf2-cmt1-telebras.bkb.rnp.br,cto1-cdf2-tlb.bkb.rnp.br,cpa1-cto1-tlb.bkb.rnp.br,ap1-pa1-tlb.bkb.rnp.br,popap-cap1.bkb.rnp.br,monipe-ap-atraso.rnp.br,,,,,,,,,,,,,,,,,,,,,916510098.0
1709780184,2024-03-06 23:56:24, gateway,ac-lanac.bkb.rnp.br,csp2-mxac-3g-allo.bkb.rnp.br,csp1-csp2-100g-via-sp2.bkb.rnp.br,cdf2-csp1-claro.bkb.rnp.br,cto1-cdf2-tlb.bkb.rnp.br,cpa1-cto1-tlb.bkb.rnp.br,ap1-pa1-tlb.bkb.rnp.br,popap-cap1.bkb.rnp.br,monipe-ap-atraso.rnp.br,,,,,,,,,,,,,,,,,,,,,917453681.0
1709801032,2024-03-07 05:43:52, gateway,ac-lanac.bkb.rnp.br,ro-ac-oi.bkb.rnp.br,cmt1-mxro-infobarra.bkb.rnp.br,go-df2-acessonline.bkb.rnp.br,cdf2-go-tlbrs.bkb.rnp.br,cto1-cdf2-tlb.bkb.rnp.br,cpa1-cto1-tlb.bkb.rnp.br,ap1-pa1-tlb.bkb.rnp.br,popap-cap1.bkb.rnp.br,monipe-ap-atraso.rnp.br,,,,,,,,,,,,,,,,,,,,897005729.0
1709840536,2024-03-07 16:42:16, gateway,ac-lanac.bkb.rnp.br,mxro-mxac-3g-allo.bkb.rnp.br,cmt1-ro-infobarra.bkb.rnp.br,cdf2-cmt1-telebras.bkb.rnp.br,cto1-cdf2-tlb.bkb.rnp.br,cpa1-cto1-tlb.bkb.rnp.br,ap1-pa1-tlb.bkb.rnp.br,popap-cap1.bkb.rnp.br,monipe-ap-atraso.rnp.br,,,,,,,,,,,,,,,,,,,,,920187024.0
1710073870,2024-03-10 09:31:10, gateway,ac-lanac.bkb.rnp.br,ro-ac-oi.bkb.rnp.br,cmt1-mxro-infobarra.bkb.rnp.br,cdf2-cmt1-telebras.bkb.rnp.br,cto1-cdf2-tlb.bkb.rnp.br,cpa1-cto1-tlb.bkb.rnp.br,ap1-pa1-tlb.bkb.rnp.br,popap-cap1.bkb.rnp.br,monipe-ap-atraso.rnp.br,,,,,,,,,,,,,,,,,,,,,904449635.0
1710143246,2024-03-11 04:47:26, gateway,ac-lanac.bkb.rnp.br,ro-ac-oi.bkb.rnp.br,cmt1-mxro-infobarra.bkb.rnp.br,cdf2-cmt1-telebras.bkb.rnp.br,cto1-cdf2-tlb.bkb.rnp.br,cpa1-cto1-tlb.bkb.rnp.br,ap1-pa1-tlb.bkb.rnp.br,popap-cap1.bkb.rnp.br,monipe-ap-atraso.rnp.br,,,,,,,,,,,,,,,,,,,,,934803774.0
1710338009,2024-03-13 10:53:29, gateway,ac-lanac.bkb.rnp.br,ro-ac-oi.bkb.rnp.br,cmt1-ro-infobarra.bkb.rnp.br,cdf2-cmt1-telebras.bkb.rnp.br,cto1-cdf2-tlb.bkb.rnp.br,cpa1-cto1-tlb.bkb.rnp.br,ap1-pa1-tlb.bkb.rnp.br,popap-cap1.bkb.rnp.br,monipe-ap-atraso.rnp.br,,,,,,,,,,,,,,,,,,,,,903506233.0
1710438049,2024-03-14 14:40:49, gateway,ac-lanac.bkb.rnp.br,ro-ac-oi.bkb.rnp.br,cmt1-mxro-infobarra.bkb.rnp.br,go-df2-acessonline.bkb.rnp.br,cdf2-go-tlbrs.bkb.rnp.br,cto1-cdf2-tlb.bkb.rnp.br,cpa1-cto1-tlb.bkb.rnp.br,ap1-pa1-tlb.bkb.rnp.br,popap-cap1.bkb.rnp.br,monipe-ap-atraso.rnp.br,,,,,,,,,,,,,,,,,,,,906759904.0
1710500833,2024-03-15 08:07:13, 'No Hostname','No Hostname','No Hostname','No Hostname','No Hostname','No Hostname','No Hostname','No Hostname','No Hostname','No Hostname',monipe-ap-atraso.rnp.br,,,,,,,,,,,,,,,,,,,,914882605.0
1710550750,2024-03-15 21:59:10, gateway,ac-lanac.bkb.rnp.br,mxro-mxac-3g-allo.bkb.rnp.br,cmt1-mxro-infobarra.bkb.rnp.br,cdf2-cmt1-telebras.bkb.rnp.br,cto1-cdf2-tlb.bkb.rnp.br,cpa1-cto1-tlb.bkb.rnp.br,ap1-pa1-tlb.bkb.rnp.br,popap-cap1.bkb.rnp.br,monipe-ap-atraso.rnp.br,,,,,,,,,,,,,,,,,,,,,918186308.0
1710985989,2024-03-20 22:53:09, gateway,ac-lanac.bkb.rnp.br,ro-ac-oi.bkb.rnp.br,cmt1-ro-infobarra.bkb.rnp.br,cdf2-cmt1-telebras.bkb.rnp.br,cto1-cdf2-tlb.bkb.rnp.br,cpa1-cto1-tlb.bkb.rnp.br,ap1-pa1-tlb.bkb.rnp.br,popap-cap1.bkb.rnp.br,monipe-ap-atraso.rnp.br,,,,,,,,,,,,,,,,,,,,,918921139.0
1711122575,2024-03-22 12:49:35, gateway,ac-lanac.bkb.rnp.br,mxro-mxac-3g-allo.bkb.rnp.br,cmt1-ro-infobarra.bkb.rnp.br,cdf2-cmt1-telebras.bkb.rnp.br,cto1-cdf2-tlb.bkb.rnp.br,cpa1-cto1-tlb.bkb.rnp.br,ap1-pa1-tlb.bkb.rnp.br,popap-cap1.bkb.rnp.br,monipe-ap-atraso.rnp.br,,,,,,,,,,,,,,,,,,,,,920230895.0
1711151912,2024-03-22 20:58:32, gateway,ac-lanac.bkb.rnp.br,ro-ac-oi.bkb.rnp.br,cmt1-ro-infobarra.bkb.rnp.br,cdf2-cmt1-telebras.bkb.rnp.br,cto1-cdf2-tlb.bkb.rnp.br,cpa1-cto1-tlb.bkb.rnp.br,ap1-pa1-tlb.bkb.rnp.br,popap-cap1.bkb.rnp.br,monipe-ap-atraso.rnp.br,,,,,,,,,,,,,,,,,,,,,896275265.0
1711179451,2024-03-23 04:37:31, gateway,ac-lanac.bkb.rnp.br,mxro-mxac-3g-allo.bkb.rnp.br,cmt1-mxro-infobarra.bkb.rnp.br,cdf2-cmt1-telebras.bkb.rnp.br,cto1-cdf2-tlb.bkb.rnp.br,cpa1-cto1-tlb.bkb.rnp.br,ap1-pa1-tlb.bkb.rnp.br,popap-cap1.bkb.rnp.br,monipe-ap-atraso.rnp.br,,,,,,,,,,,,,,,,,,,,,909850032.0
1711215044,2024-03-23 14:30:44, gateway,ac-lanac.bkb.rnp.br,mxro-mxac-3g-allo.bkb.rnp.br,cmt1-ro-infobarra.bkb.rnp.br,cdf2-cmt1-telebras.bkb.rnp.br,cto1-cdf2-tlb.bkb.rnp.br,cpa1-cto1-tlb.bkb.rnp.br,ap1-pa1-tlb.bkb.rnp.br,popap-cap1.bkb.rnp.br,monipe-ap-atraso.rnp.br,,,,,,,,,,,,,,,,,,,,,918605349.0
1711260444,2024-03-24 03:07:24, gateway,ac-lanac.bkb.rnp.br,mxro-mxac-3g-allo.bkb.rnp.br,cmt1-mxro-infobarra.bkb.rnp.br,cdf2-cmt1-telebras.bkb.rnp.br,cto1-cdf2-tlb.bkb.rnp.br,cpa1-cto1-tlb.bkb.rnp.br,ap1-pa1-tlb.bkb.rnp.br,popap-cap1.bkb.rnp.br,monipe-ap-atraso.rnp.br,,,,,,,,,,,,,,,,,,,,,919631499.0
1711307056,2024-03-24 16:04:16, gateway,ac-lanac.bkb.rnp.br,mxro-mxac-3g-allo.bkb.rnp.br,cmt1-ro-infobarra.bkb.rnp.br,cdf2-cmt1-telebras.bkb.rnp.br,cto1-cdf2-tlb.bkb.rnp.br,cpa1-cto1-tlb.bkb.rnp.br,ap1-pa1-tlb.bkb.rnp.br,popap-cap1.bkb.rnp.br,monipe-ap-atraso.rnp.br,,,,,,,,,,,,,,,,,,,,,915251941.0
1711335187,2024-03-24 23:53:07, gateway,ac-lanac.bkb.rnp.br,mxro-mxac-3g-allo.bkb.rnp.br,cmt1-ro-infobarra.bkb.rnp.br,cdf2-cmt1-telebras.bkb.rnp.br,cto1-cdf2-tlb.bkb.rnp.br,cpa1-cto1-tlb.bkb.rnp.br,ap1-pa1-tlb.bkb.rnp.br,popap-cap1.bkb.rnp.br,monipe-ap-atraso.rnp.br,,,,,,,,,,,,,,,,,,,,,913417248.0
1711498768,2024-03-26 21:19:28, gateway,ac-lanac.bkb.rnp.br,ro-ac-oi.bkb.rnp.br,cmt1-mxro-infobarra.bkb.rnp.br,cdf2-cmt1-telebras.bkb.rnp.br,cto1-cdf2-tlb.bkb.rnp.br,cpa1-cto1-tlb.bkb.rnp.br,ap1-pa1-tlb.bkb.rnp.br,popap-cap1.bkb.rnp.br,monipe-ap-atraso.rnp.br,,,,,,,,,,,,,,,,,,,,,612264628.0
1711552629,2024-03-27 12:17:09, gateway,ac-lanac.bkb.rnp.br,ro-ac-oi.bkb.rnp.br,cmt1-mxro-infobarra.bkb.rnp.br,cdf2-cmt1-telebras.bkb.rnp.br,cto1-cdf2-tlb.bkb.rnp.br,cpa1-cto1-tlb.bkb.rnp.br,ap1-pa1-tlb.bkb.rnp.br,popap-cap1.bkb.rnp.br,monipe-ap-atraso.rnp.br,,,,,,,,,,,,,,,,,,,,,903891744.0
1711579218,2024-03-27 19:40:18, gateway,ac-lanac.bkb.rnp.br,ro-ac-oi.bkb.rnp.br,cmt1-mxro-infobarra.bkb.rnp.br,cdf2-cmt1-telebras.bkb.rnp.br,cto1-cdf2-tlb.bkb.rnp.br,cpa1-cto1-tlb.bkb.rnp.br,ap1-pa1-tlb.bkb.rnp.br,popap-cap1.bkb.rnp.br,monipe-ap-atraso.rnp.br,,,,,,,,,,,,,,,,,,,,,921449843.0
1711593420,2024-03-27 23:37:00, gateway,ac-lanac.bkb.rnp.br,mxro-mxac-3g-allo.bkb.rnp.br,cmt1-mxro-infobarra.bkb.rnp.br,cdf2-cmt1-telebras.bkb.rnp.br,cto1-cdf2-tlb.bkb.rnp.br,cpa1-cto1-tlb.bkb.rnp.br,ap1-pa1-tlb.bkb.rnp.br,popap-cap1.bkb.rnp.br,monipe-ap-atraso.rnp.br,,,,,,,,,,,,,,,,,,,,,935003671.0
1711796028,2024-03-30 07:53:48, gateway,ac-lanac.bkb.rnp.br,ro-ac-oi.bkb.rnp.br,cmt1-ro-infobarra.bkb.rnp.br,cdf2-cmt1-telebras.bkb.rnp.br,cto1-cdf2-tlb.bkb.rnp.br,cpa1-cto1-tlb.bkb.rnp.br,ap1-pa1-tlb.bkb.rnp.br,popap-cap1.bkb.rnp.br,monipe-ap-atraso.rnp.br,,,,,,,,,,,,,,,,,,,,,900732683.0
1711820021,2024-03-30 14:33:41, gateway,ac-lanac.bkb.rnp.br,ro-ac-oi.bkb.rnp.br,cmt1-mxro-infobarra.bkb.rnp.br,cdf2-cmt1-telebras.bkb.rnp.br,cto1-cdf2-tlb.bkb.rnp.br,cpa1-cto1-tlb.bkb.rnp.br,ap1-pa1-tlb.bkb.rnp.br,popap-cap1.bkb.rnp.br,monipe-ap-atraso.rnp.br,,,,,,,,,,,,,,,,,,,,,911124880.0
1711906092,2024-03-31 14:28:12, gateway,ac-lanac.bkb.rnp.br,ro-ac-oi.bkb.rnp.br,cmt1-ro-infobarra.bkb.rnp.br,cdf2-cmt1-telebras.bkb.rnp.br,cto1-cdf2-tlb.bkb.rnp.br,cpa1-cto1-tlb.bkb.rnp.br,ap1-pa1-tlb.bkb.rnp.br,popap-cap1.bkb.rnp.br,monipe-ap-atraso.rnp.br,,,,,,,,,,,,,,,,,,,,,931028454.0
1712023801,2024-04-01 23:10:01, gateway,ac-lanac.bkb.rnp.br,ro-ac-oi.bkb.rnp.br,cmt1-ro-infobarra.bkb.rnp.br,go-df2-acessonline.bkb.rnp.br,cdf2-go-tlbrs.bkb.rnp.br,cto1-cdf2-tlb.bkb.rnp.br,cpa1-cto1-tlb.bkb.rnp.br,ap1-pa1-tlb.bkb.rnp.br,popap-cap1.bkb.rnp.br,monipe-ap-atraso.rnp.br,,,,,,,,,,,,,,,,,,,,915464220.0
1712104836,2024-04-02 21:40:36, gateway,ac-lanac.bkb.rnp.br,ro-ac-oi.bkb.rnp.br,cmt1-ro-infobarra.bkb.rnp.br,cdf2-cmt1-telebras.bkb.rnp.br,cto1-cdf2-tlb.bkb.rnp.br,cpa1-cto1-tlb.bkb.rnp.br,ap1-pa1-tlb.bkb.rnp.br,popap-cap1.bkb.rnp.br,monipe-ap-atraso.rnp.br,,,,,,,,,,,,,,,,,,,,,905918865.0
1712136729,2024-04-03 06:32:09, gateway,ac-lanac.bkb.rnp.br,ro-ac-oi.bkb.rnp.br,cmt1-mxro-infobarra.bkb.rnp.br,cdf2-cmt1-telebras.bkb.rnp.br,cto1-cdf2-tlb.bkb.rnp.br,cpa1-cto1-tlb.bkb.rnp.br,ap1-pa1-tlb.bkb.rnp.br,popap-cap1.bkb.rnp.br,monipe-ap-atraso.rnp.br,,,,,,,,,,,,,,,,,,,,,924636258.0
1712186494,2024-04-03 20:21:34, gateway,ac-lanac.bkb.rnp.br,mxro-mxac-3g-allo.bkb.rnp.br,cmt1-mxro-infobarra.bkb.rnp.br,cdf2-cmt1-telebras.bkb.rnp.br,cto1-cdf2-tlb.bkb.rnp.br,cpa1-cto1-tlb.bkb.rnp.br,ap1-pa1-tlb.bkb.rnp.br,popap-cap1.bkb.rnp.br,monipe-ap-atraso.rnp.br,,,,,,,,,,,,,,,,,,,,,909635632.0
1712266236,2024-04-04 18:30:36, gateway,ac-lanac.bkb.rnp.br,mxro-mxac-3g-allo.bkb.rnp.br,cmt1-ro-infobarra.bkb.rnp.br,go-df2-acessonline.bkb.rnp.br,cdf2-go-tlbrs.bkb.rnp.br,cto1-cdf2-tlb.bkb.rnp.br,cpa1-cto1-tlb.bkb.rnp.br,ap1-pa1-tlb.bkb.rnp.br,popap-cap1.bkb.rnp.br,monipe-ap-atraso.rnp.br,,,,,,,,,,,,,,,,,,,,915670685.0
1712596490,2024-04-08 14:14:50, gateway,ac-lanac.bkb.rnp.br,mxro-mxac-3g-allo.bkb.rnp.br,cmt1-mxro-infobarra.bkb.rnp.br,cdf2-cmt1-telebras.bkb.rnp.br,cto1-cdf2-tlb.bkb.rnp.br,cpa1-cto1-tlb.bkb.rnp.br,ap1-pa1-tlb.bkb.rnp.br,popap-cap1.bkb.rnp.br,monipe-ap-atraso.rnp.br,,,,,,,,,,,,,,,,,,,,,916212496.0
1712613601,2024-04-08 19:00:01, gateway,ac-lanac.bkb.rnp.br,ro-ac-oi.bkb.rnp.br,cmt1-mxro-infobarra.bkb.rnp.br,go-df2-acessonline.bkb.rnp.br,cdf2-go-tlbrs.bkb.rnp.br,'No Hostname',cpa1-cto1-tlb.bkb.rnp.br,ap1-pa1-tlb.bkb.rnp.br,popap-cap1.bkb.rnp.br,monipe-ap-atraso.rnp.br,,,,,,,,,,,,,,,,,,,,899320469.0
1712673624,2024-04-09 11:40:24, gateway,ac-lanac.bkb.rnp.br,ro-ac-oi.bkb.rnp.br,cmt1-mxro-infobarra.bkb.rnp.br,go-df2-acessonline.bkb.rnp.br,cdf2-go-tlbrs.bkb.rnp.br,cto1-cdf2-tlb.bkb.rnp.br,cpa1-cto1-tlb.bkb.rnp.br,ap1-pa1-tlb.bkb.rnp.br,popap-cap1.bkb.rnp.br,monipe-ap-atraso.rnp.br,,,,,,,,,,,,,,,,,,,,911266658.0
1712747252,2024-04-10 08:07:32, gateway,ac-lanac.bkb.rnp.br,ro-ac-oi.bkb.rnp.br,cmt1-ro-infobarra.bkb.rnp.br,ms-cmt1-telebras.bkb.rnp.br,cpr1-ms-acessoline.bkb.rnp.br,csp2-cpr1-tlb.bkb.rnp.br,cce1-csp2-100g-monet.bkb.rnp.br,ba-ce-chesf.bkb.rnp.br,cdf2-cba1-taesa.bkb.rnp.br,cto1-cdf2-tlb.bkb.rnp.br,cpa1-cto1-tlb.bkb.rnp.br,ap1-pa1-tlb.bkb.rnp.br,popap-cap1.bkb.rnp.br,monipe-ap-atraso.rnp.br,,,,,,,,,,,,,,,,881267056.0
1712843323,2024-04-11 10:48:43, gateway,ac-lanac.bkb.rnp.br,ro-ac-oi.bkb.rnp.br,cmt1-mxro-infobarra.bkb.rnp.br,go-df2-acessonline.bkb.rnp.br,cdf2-go-tlbrs.bkb.rnp.br,cto1-cdf2-tlb.bkb.rnp.br,cpa1-cto1-tlb.bkb.rnp.br,ap1-pa1-tlb.bkb.rnp.br,popap-cap1.bkb.rnp.br,monipe-ap-atraso.rnp.br,,,,,,,,,,,,,,,,,,,,869272894.0
1712869620,2024-04-11 18:07:00, gateway,ac-lanac.bkb.rnp.br,ro-ac-oi.bkb.rnp.br,cmt1-mxro-infobarra.bkb.rnp.br,go-df2-acessonline.bkb.rnp.br,cdf2-go-tlbrs.bkb.rnp.br,cto1-cdf2-tlb.bkb.rnp.br,cpa1-cto1-tlb.bkb.rnp.br,ap1-pa1-tlb.bkb.rnp.br,popap-cap1.bkb.rnp.br,monipe-ap-atraso.rnp.br,,,,,,,,,,,,,,,,,,,,900549263.0
1712909534,2024-04-12 05:12:14, gateway,ac-lanac.bkb.rnp.br,ro-ac-oi.bkb.rnp.br,cmt1-mxro-infobarra.bkb.rnp.br,cdf2-cmt1-telebras.bkb.rnp.br,cdf1-cdf2.bkb.rnp.br,mxam-cdf1-3g-sitelbra.bkb.rnp.br,ap1-am-tlb.bkb.rnp.br,popap-cap1.bkb.rnp.br,monipe-ap-atraso.rnp.br,,,,,,,,,,,,,,,,,,,,,909590207.0
1712947469,2024-04-12 15:44:29, gateway,ac-lanac.bkb.rnp.br,ro-ac-oi.bkb.rnp.br,cmt1-mxro-infobarra.bkb.rnp.br,ms-cmt1-telebras.bkb.rnp.br,cpr1-ms-acessoline.bkb.rnp.br,csp2-cpr1-tlb.bkb.rnp.br,cmg2-csp2-infobarra.rnp.br,cdf1-cmg2-mobiwire.bkb.rnp.br,cdf2-cdf1.bkb.rnp.br,cto1-cdf2-tlb.bkb.rnp.br,cpa1-cto1-tlb.bkb.rnp.br,ap1-pa1-tlb.bkb.rnp.br,popap-cap1.bkb.rnp.br,monipe-ap-atraso.rnp.br,,,,,,,,,,,,,,,,903507859.0
1713053735,2024-04-13 21:15:35, gateway,ac-lanac.bkb.rnp.br,ro-ac-oi.bkb.rnp.br,cmt1-mxro-infobarra.bkb.rnp.br,cdf2-cmt1-telebras.bkb.rnp.br,cto1-cdf2-tlb.bkb.rnp.br,cpa1-cto1-tlb.bkb.rnp.br,ap1-pa1-tlb.bkb.rnp.br,popap-cap1.bkb.rnp.br,monipe-ap-atraso.rnp.br,,,,,,,,,,,,,,,,,,,,,917347080.0
1713291140,2024-04-16 15:12:20, gateway,ac-lanac.bkb.rnp.br,ro-ac-oi.bkb.rnp.br,cmt1-ro-infobarra.bkb.rnp.br,cdf2-cmt1-telebras.bkb.rnp.br,cto1-cdf2-tlb.bkb.rnp.br,cpa1-cto1-tlb.bkb.rnp.br,ap1-pa1-tlb.bkb.rnp.br,popap-cap1.bkb.rnp.br,monipe-ap-atraso.rnp.br,,,,,,,,,,,,,,,,,,,,,899837384.0
1713379174,2024-04-17 15:39:34, gateway,ac-lanac.bkb.rnp.br,ro-ac-oi.bkb.rnp.br,cmt1-ro-infobarra.bkb.rnp.br,cdf2-cmt1-telebras.bkb.rnp.br,cto1-cdf2-tlb.bkb.rnp.br,cpa1-cto1-tlb.bkb.rnp.br,ap1-pa1-tlb.bkb.rnp.br,popap-cap1.bkb.rnp.br,monipe-ap-atraso.rnp.br,,,,,,,,,,,,,,,,,,,,,908486473.0
1713397442,2024-04-17 20:44:02, gateway,ac-lanac.bkb.rnp.br,ro-ac-oi.bkb.rnp.br,cmt1-mxro-infobarra.bkb.rnp.br,cdf2-cmt1-telebras.bkb.rnp.br,cto1-cdf2-tlb.bkb.rnp.br,cpa1-cto1-tlb.bkb.rnp.br,ap1-pa1-tlb.bkb.rnp.br,popap-cap1.bkb.rnp.br,monipe-ap-atraso.rnp.br,,,,,,,,,,,,,,,,,,,,,908068132.0
1713465549,2024-04-18 15:39:09, gateway,ac-lanac.bkb.rnp.br,mxro-mxac-3g-allo.bkb.rnp.br,cmt1-mxro-infobarra.bkb.rnp.br,cdf2-cmt1-telebras.bkb.rnp.br,cto1-cdf2-tlb.bkb.rnp.br,cpa1-cto1-tlb.bkb.rnp.br,ap1-pa1-tlb.bkb.rnp.br,popap-cap1.bkb.rnp.br,monipe-ap-atraso.rnp.br,,,,,,,,,,,,,,,,,,,,,922225128.0
1713492282,2024-04-18 23:04:42, gateway,ac-lanac.bkb.rnp.br,mxro-mxac-3g-allo.bkb.rnp.br,cmt1-mxro-infobarra.bkb.rnp.br,cdf2-cmt1-telebras.bkb.rnp.br,cto1-cdf2-tlb.bkb.rnp.br,cpa1-cto1-tlb.bkb.rnp.br,ap1-pa1-tlb.bkb.rnp.br,popap-cap1.bkb.rnp.br,monipe-ap-atraso.rnp.br,,,,,,,,,,,,,,,,,,,,,922800277.0
1713546331,2024-04-19 14:05:31, gateway,ac-lanac.bkb.rnp.br,ro-ac-oi.bkb.rnp.br,cmt1-mxro-infobarra.bkb.rnp.br,go-df2-acessonline.bkb.rnp.br,cdf2-go-tlbrs.bkb.rnp.br,cto1-cdf2-tlb.bkb.rnp.br,cpa1-cto1-tlb.bkb.rnp.br,ap1-pa1-tlb.bkb.rnp.br,popap-cap1.bkb.rnp.br,monipe-ap-atraso.rnp.br,,,,,,,,,,,,,,,,,,,,916353086.0
1713594710,2024-04-20 03:31:50, gateway,ac-lanac.bkb.rnp.br,ro-ac-oi.bkb.rnp.br,cmt1-mxro-infobarra.bkb.rnp.br,go-df2-acessonline.bkb.rnp.br,cdf2-go-tlbrs.bkb.rnp.br,cto1-cdf2-tlb.bkb.rnp.br,cpa1-cto1-tlb.bkb.rnp.br,ap1-pa1-tlb.bkb.rnp.br,popap-cap1.bkb.rnp.br,monipe-ap-atraso.rnp.br,,,,,,,,,,,,,,,,,,,,883007615.0
1713616129,2024-04-20 09:28:49, gateway,ac-lanac.bkb.rnp.br,mxro-mxac-3g-allo.bkb.rnp.br,cmt1-mxro-infobarra.bkb.rnp.br,go-df2-acessonline.bkb.rnp.br,cdf2-go-tlbrs.bkb.rnp.br,cto1-cdf2-tlb.bkb.rnp.br,cpa1-cto1-tlb.bkb.rnp.br,ap1-pa1-tlb.bkb.rnp.br,popap-cap1.bkb.rnp.br,monipe-ap-atraso.rnp.br,,,,,,,,,,,,,,,,,,,,915408404.0
1713881382,2024-04-23 11:09:42, gateway,ac-lanac.bkb.rnp.br,mxro-mxac-3g-allo.bkb.rnp.br,cmt1-ro-infobarra.bkb.rnp.br,go-df2-acessonline.bkb.rnp.br,cdf2-go-tlbrs.bkb.rnp.br,cto1-cdf2-tlb.bkb.rnp.br,cpa1-cto1-tlb.bkb.rnp.br,ap1-pa1-tlb.bkb.rnp.br,popap-cap1.bkb.rnp.br,monipe-ap-atraso.rnp.br,,,,,,,,,,,,,,,,,,,,898366230.0
1713979993,2024-04-24 14:33:13, gateway,ac-lanac.bkb.rnp.br,ro-ac-oi.bkb.rnp.br,cmt1-mxro-infobarra.bkb.rnp.br,cdf2-cmt1-telebras.bkb.rnp.br,cto1-cdf2-tlb.bkb.rnp.br,cpa1-cto1-tlb.bkb.rnp.br,cap1-cpa1-webflash.bkb.rnp.br,popap-cap1.bkb.rnp.br,monipe-ap-atraso.rnp.br,,,,,,,,,,,,,,,,,,,,,464939342.0
1714026307,2024-04-25 03:25:07, gateway,ac-lanac.bkb.rnp.br,mxro-mxac-3g-allo.bkb.rnp.br,cmt1-mxro-infobarra.bkb.rnp.br,cdf2-cmt1-telebras.bkb.rnp.br,cdf1-cdf2.bkb.rnp.br,mxam-cdf1-3g-sitelbra.bkb.rnp.br,'No Hostname','No Hostname',popap-cap1.bkb.rnp.br,monipe-ap-atraso.rnp.br,,,,,,,,,,,,,,,,,,,,919291589.0
1714076430,2024-04-25 17:20:30, gateway,ac-lanac.bkb.rnp.br,ro-ac-oi.bkb.rnp.br,cmt1-ro-infobarra.bkb.rnp.br,cdf2-cmt1-telebras.bkb.rnp.br,cdf1-cdf2.bkb.rnp.br,mxam-cdf1-3g-sitelbra.bkb.rnp.br,'No Hostname','No Hostname',popap-cap1.bkb.rnp.br,monipe-ap-atraso.rnp.br,,,,,,,,,,,,,,,,,,,,75287937.0
1714083804,2024-04-25 19:23:24, gateway,ac-lanac.bkb.rnp.br,ro-ac-oi.bkb.rnp.br,cmt1-ro-infobarra.bkb.rnp.br,cdf2-cmt1-telebras.bkb.rnp.br,cdf1-cdf2.bkb.rnp.br,mxam-cdf1-3g-sitelbra.bkb.rnp.br,'No Hostname','No Hostname',popap-cap1.bkb.rnp.br,monipe-ap-atraso.rnp.br,,,,,,,,,,,,,,,,,,,,844316139.0
1714610381,2024-05-01 21:39:41, gateway,ac-lanac.bkb.rnp.br,ro-ac-oi.bkb.rnp.br,cmt1-mxro-infobarra.bkb.rnp.br,cdf2-cmt1-telebras.bkb.rnp.br,cto1-cdf2-tlb.bkb.rnp.br,cpa1-cto1-tlb.bkb.rnp.br,ap1-pa1-tlb.bkb.rnp.br,popap-cap1.bkb.rnp.br,monipe-ap-atraso.rnp.br,,,,,,,,,,,,,,,,,,,,,903351566.0
1715014322,2024-05-06 13:52:02, gateway,ac-lanac.bkb.rnp.br,mxro-mxac-3g-allo.bkb.rnp.br,cmt1-ro-infobarra.bkb.rnp.br,cdf2-cmt1-telebras.bkb.rnp.br,cto1-cdf2-tlb.bkb.rnp.br,cpa1-cto1-tlb.bkb.rnp.br,ap1-pa1-tlb.bkb.rnp.br,popap-cap1.bkb.rnp.br,monipe-ap-atraso.rnp.br,,,,,,,,,,,,,,,,,,,,,922695558.0
1715063464,2024-05-07 03:31:04, gateway,ac-lanac.bkb.rnp.br,ro-ac-oi.bkb.rnp.br,cmt1-mxro-infobarra.bkb.rnp.br,cdf2-cmt1-telebras.bkb.rnp.br,cto1-cdf2-tlb.bkb.rnp.br,cpa1-cto1-tlb.bkb.rnp.br,ap1-pa1-tlb.bkb.rnp.br,popap-cap1.bkb.rnp.br,monipe-ap-atraso.rnp.br,,,,,,,,,,,,,,,,,,,,,914361517.0
1715108913,2024-05-07 16:08:33, gateway,ac-lanac.bkb.rnp.br,ro-ac-oi.bkb.rnp.br,cmt1-ro-infobarra.bkb.rnp.br,cdf2-cmt1-telebras.bkb.rnp.br,cto1-cdf2-tlb.bkb.rnp.br,cpa1-cto1-tlb.bkb.rnp.br,ap1-pa1-tlb.bkb.rnp.br,popap-cap1.bkb.rnp.br,monipe-ap-atraso.rnp.br,,,,,,,,,,,,,,,,,,,,,895642399.0
1715126015,2024-05-07 20:53:35, gateway,ac-lanac.bkb.rnp.br,ro-ac-oi.bkb.rnp.br,cmt1-mxro-infobarra.bkb.rnp.br,cdf2-cmt1-telebras.bkb.rnp.br,cto1-cdf2-tlb.bkb.rnp.br,cpa1-cto1-tlb.bkb.rnp.br,ap1-pa1-tlb.bkb.rnp.br,popap-cap1.bkb.rnp.br,monipe-ap-atraso.rnp.br,,,,,,,,,,,,,,,,,,,,,899679512.0
1715201563,2024-05-08 17:52:43, gateway,ac-lanac.bkb.rnp.br,mxro-mxac-3g-allo.bkb.rnp.br,cmt1-mxro-infobarra.bkb.rnp.br,cdf2-cmt1-telebras.bkb.rnp.br,cto1-cdf2-tlb.bkb.rnp.br,cpa1-cto1-tlb.bkb.rnp.br,ap1-pa1-tlb.bkb.rnp.br,popap-cap1.bkb.rnp.br,monipe-ap-atraso.rnp.br,,,,,,,,,,,,,,,,,,,,,934094339.0
1715271545,2024-05-09 13:19:05, gateway,ac-lanac.bkb.rnp.br,ro-ac-oi.bkb.rnp.br,cmt1-mxro-infobarra.bkb.rnp.br,ms-cmt1-telebras.bkb.rnp.br,cpr1-ms-acessoline.bkb.rnp.br,csp2-cpr1-tlb.bkb.rnp.br,cce1-csp2-100g-monet.bkb.rnp.br,cpi1-cce1-chesf.bkb.rnp.br,cma1-cpi1-tlb.bkb.rnp.br,cdf2-cma1-tlb.bkb.rnp.br,cto1-cdf2-tlb.bkb.rnp.br,cpa1-cto1-tlb.bkb.rnp.br,ap1-pa1-tlb.bkb.rnp.br,popap-cap1.bkb.rnp.br,monipe-ap-atraso.rnp.br,,,,,,,,,,,,,,,889876603.0
1715461652,2024-05-11 18:07:32, gateway,ac-lanac.bkb.rnp.br,mxro-mxac-3g-allo.bkb.rnp.br,cmt1-mxro-infobarra.bkb.rnp.br,cdf2-cmt1-telebras.bkb.rnp.br,cto1-cdf2-tlb.bkb.rnp.br,cpa1-cto1-tlb.bkb.rnp.br,ap1-pa1-tlb.bkb.rnp.br,popap-cap1.bkb.rnp.br,monipe-ap-atraso.rnp.br,,,,,,,,,,,,,,,,,,,,,921385666.0
1715470105,2024-05-11 20:28:25, gateway,ac-lanac.bkb.rnp.br,ro-ac-oi.bkb.rnp.br,cmt1-ro-infobarra.bkb.rnp.br,cdf2-cmt1-telebras.bkb.rnp.br,cto1-cdf2-tlb.bkb.rnp.br,cpa1-cto1-tlb.bkb.rnp.br,ap1-pa1-tlb.bkb.rnp.br,popap-cap1.bkb.rnp.br,monipe-ap-atraso.rnp.br,,,,,,,,,,,,,,,,,,,,,920703491.0
1715492533,2024-05-12 02:42:13, gateway,ac-lanac.bkb.rnp.br,ro-ac-oi.bkb.rnp.br,cmt1-mxro-infobarra.bkb.rnp.br,cdf2-cmt1-telebras.bkb.rnp.br,cto1-cdf2-tlb.bkb.rnp.br,cpa1-cto1-tlb.bkb.rnp.br,ap1-pa1-tlb.bkb.rnp.br,popap-cap1.bkb.rnp.br,monipe-ap-atraso.rnp.br,,,,,,,,,,,,,,,,,,,,,907701175.0
1715625500,2024-05-13 15:38:20, gateway,ac-lanac.bkb.rnp.br,ro-ac-oi.bkb.rnp.br,cmt1-mxro-infobarra.bkb.rnp.br,ms-cmt1-telebras.bkb.rnp.br,cpr1-ms-acessoline.bkb.rnp.br,csp2-cpr1-tlb.bkb.rnp.br,cce1-csp2-100g-monet.bkb.rnp.br,ba-ce-chesf.bkb.rnp.br,cdf2-cba1-taesa.bkb.rnp.br,cto1-cdf2-tlb.bkb.rnp.br,cpa1-cto1-tlb.bkb.rnp.br,ap1-pa1-tlb.bkb.rnp.br,popap-cap1.bkb.rnp.br,monipe-ap-atraso.rnp.br,,,,,,,,,,,,,,,,927204579.0
1715735847,2024-05-14 22:17:27, gateway,ac-lanac.bkb.rnp.br,ro-ac-oi.bkb.rnp.br,cmt1-mxro-infobarra.bkb.rnp.br,cdf2-cmt1-telebras.bkb.rnp.br,cto1-cdf2-tlb.bkb.rnp.br,cpa1-cto1-tlb.bkb.rnp.br,ap1-pa1-tlb.bkb.rnp.br,popap-cap1.bkb.rnp.br,monipe-ap-atraso.rnp.br,,,,,,,,,,,,,,,,,,,,,918132411.0
1715779918,2024-05-15 10:31:58, gateway,ac-lanac.bkb.rnp.br,ro-ac-oi.bkb.rnp.br,cmt1-mxro-infobarra.bkb.rnp.br,ms-cmt1-telebras.bkb.rnp.br,cpr1-ms-acessoline.bkb.rnp.br,csp2-cpr1-tlb.bkb.rnp.br,cce1-csp2-100g-monet.bkb.rnp.br,ba-ce-chesf.bkb.rnp.br,cdf2-cba1-taesa.bkb.rnp.br,cto1-cdf2-tlb.bkb.rnp.br,cpa1-cto1-tlb.bkb.rnp.br,ap1-pa1-tlb.bkb.rnp.br,popap-cap1.bkb.rnp.br,monipe-ap-atraso.rnp.br,,,,,,,,,,,,,,,,887829920.0
1715790164,2024-05-15 13:22:44, gateway,ac-lanac.bkb.rnp.br,ro-ac-oi.bkb.rnp.br,cmt1-ro-infobarra.bkb.rnp.br,cdf2-cmt1-telebras.bkb.rnp.br,cto1-cdf2-tlb.bkb.rnp.br,cpa1-cto1-tlb.bkb.rnp.br,ap1-pa1-tlb.bkb.rnp.br,popap-cap1.bkb.rnp.br,monipe-ap-atraso.rnp.br,,,,,,,,,,,,,,,,,,,,,893702799.0
1716068411,2024-05-18 18:40:11, gateway,ac-lanac.bkb.rnp.br,mxro-mxac-3g-allo.bkb.rnp.br,cmt1-mxro-infobarra.bkb.rnp.br,cdf2-cmt1-telebras.bkb.rnp.br,cto1-cdf2-tlb.bkb.rnp.br,cpa1-cto1-tlb.bkb.rnp.br,ap1-pa1-tlb.bkb.rnp.br,popap-cap1.bkb.rnp.br,monipe-ap-atraso.rnp.br,,,,,,,,,,,,,,,,,,,,,915244039.0
1716115531,2024-05-19 07:45:31, gateway,ac-lanac.bkb.rnp.br,ro-ac-oi.bkb.rnp.br,cmt1-mxro-infobarra.bkb.rnp.br,cdf2-cmt1-telebras.bkb.rnp.br,cto1-cdf2-tlb.bkb.rnp.br,cpa1-cto1-tlb.bkb.rnp.br,ap1-pa1-tlb.bkb.rnp.br,popap-cap1.bkb.rnp.br,monipe-ap-atraso.rnp.br,,,,,,,,,,,,,,,,,,,,,925854113.0
1716239223,2024-05-20 18:07:03, gateway,ac-lanac.bkb.rnp.br,ro-ac-oi.bkb.rnp.br,cmt1-mxro-infobarra.bkb.rnp.br,cdf2-cmt1-telebras.bkb.rnp.br,cto1-cdf2-tlb.bkb.rnp.br,cpa1-cto1-tlb.bkb.rnp.br,ap1-pa1-tlb.bkb.rnp.br,popap-cap1.bkb.rnp.br,monipe-ap-atraso.rnp.br,,,,,,,,,,,,,,,,,,,,,905658894.0
1716317936,2024-05-21 15:58:56, gateway,ac-lanac.bkb.rnp.br,ro-ac-oi.bkb.rnp.br,cmt1-ro-infobarra.bkb.rnp.br,cdf2-cmt1-telebras.bkb.rnp.br,cto1-cdf2-tlb.bkb.rnp.br,cpa1-cto1-tlb.bkb.rnp.br,ap1-pa1-tlb.bkb.rnp.br,popap-cap1.bkb.rnp.br,monipe-ap-atraso.rnp.br,,,,,,,,,,,,,,,,,,,,,890243160.0
1716423495,2024-05-22 21:18:15, gateway,ac-lanac.bkb.rnp.br,ro-ac-oi.bkb.rnp.br,cmt1-mxro-infobarra.bkb.rnp.br,cdf2-cmt1-telebras.bkb.rnp.br,cto1-cdf2-tlb.bkb.rnp.br,cpa1-cto1-tlb.bkb.rnp.br,ap1-pa1-tlb.bkb.rnp.br,popap-cap1.bkb.rnp.br,monipe-ap-atraso.rnp.br,,,,,,,,,,,,,,,,,,,,,902356137.0
1716489048,2024-05-23 15:30:48, gateway,ac-lanac.bkb.rnp.br,ro-ac-oi.bkb.rnp.br,cmt1-mxro-infobarra.bkb.rnp.br,cdf2-cmt1-telebras.bkb.rnp.br,cto1-cdf2-tlb.bkb.rnp.br,cpa1-cto1-tlb.bkb.rnp.br,ap1-pa1-tlb.bkb.rnp.br,popap-cap1.bkb.rnp.br,monipe-ap-atraso.rnp.br,,,,,,,,,,,,,,,,,,,,,911004741.0
1716589699,2024-05-24 19:28:19, gateway,ac-lanac.bkb.rnp.br,ro-ac-oi.bkb.rnp.br,cmt1-mxro-infobarra.bkb.rnp.br,cdf2-cmt1-telebras.bkb.rnp.br,cto1-cdf2-tlb.bkb.rnp.br,cpa1-cto1-tlb.bkb.rnp.br,ap1-pa1-tlb.bkb.rnp.br,popap-cap1.bkb.rnp.br,monipe-ap-atraso.rnp.br,,,,,,,,,,,,,,,,,,,,,903560604.0
1716726156,2024-05-26 09:22:36, gateway,ac-lanac.bkb.rnp.br,ro-ac-oi.bkb.rnp.br,cmt1-mxro-infobarra.bkb.rnp.br,cdf2-cmt1-telebras.bkb.rnp.br,cto1-cdf2-tlb.bkb.rnp.br,cpa1-cto1-tlb.bkb.rnp.br,ap1-pa1-tlb.bkb.rnp.br,popap-cap1.bkb.rnp.br,monipe-ap-atraso.rnp.br,,,,,,,,,,,,,,,,,,,,,921330058.0
1716890651,2024-05-28 07:04:11, gateway,ac-lanac.bkb.rnp.br,ro-ac-oi.bkb.rnp.br,cmt1-mxro-infobarra.bkb.rnp.br,cdf2-cmt1-telebras.bkb.rnp.br,cto1-cdf2-tlb.bkb.rnp.br,cpa1-cto1-tlb.bkb.rnp.br,ap1-pa1-tlb.bkb.rnp.br,popap-cap1.bkb.rnp.br,monipe-ap-atraso.rnp.br,,,,,,,,,,,,,,,,,,,,,914824935.0
1716920938,2024-05-28 15:28:58, gateway,ac-lanac.bkb.rnp.br,ro-ac-oi.bkb.rnp.br,cmt1-mxro-infobarra.bkb.rnp.br,cdf2-cmt1-telebras.bkb.rnp.br,cto1-cdf2-tlb.bkb.rnp.br,cpa1-cto1-tlb.bkb.rnp.br,ap1-pa1-tlb.bkb.rnp.br,popap-cap1.bkb.rnp.br,monipe-ap-atraso.rnp.br,,,,,,,,,,,,,,,,,,,,,908058496.0
1716945897,2024-05-28 22:24:57, gateway,ac-lanac.bkb.rnp.br,ro-ac-oi.bkb.rnp.br,cmt1-mxro-infobarra.bkb.rnp.br,cdf2-cmt1-telebras.bkb.rnp.br,cto1-cdf2-tlb.bkb.rnp.br,cpa1-cto1-tlb.bkb.rnp.br,ap1-pa1-tlb.bkb.rnp.br,popap-cap1.bkb.rnp.br,monipe-ap-atraso.rnp.br,,,,,,,,,,,,,,,,,,,,,915196309.0
1717065783,2024-05-30 07:43:03, gateway,ac-lanac.bkb.rnp.br,ro-ac-oi.bkb.rnp.br,cmt1-mxro-infobarra.bkb.rnp.br,cdf2-cmt1-telebras.bkb.rnp.br,cto1-cdf2-tlb.bkb.rnp.br,cpa1-cto1-tlb.bkb.rnp.br,ap1-pa1-tlb.bkb.rnp.br,popap-cap1.bkb.rnp.br,monipe-ap-atraso.rnp.br,,,,,,,,,,,,,,,,,,,,,919445796.0
1717114988,2024-05-30 21:23:08, gateway,ac-lanac.bkb.rnp.br,ro-ac-oi.bkb.rnp.br,cmt1-mxro-infobarra.bkb.rnp.br,cdf2-cmt1-telebras.bkb.rnp.br,cto1-cdf2-tlb.bkb.rnp.br,cpa1-cto1-tlb.bkb.rnp.br,ap1-pa1-tlb.bkb.rnp.br,popap-cap1.bkb.rnp.br,monipe-ap-atraso.rnp.br,,,,,,,,,,,,,,,,,,,,,913210682.0
1717164115,2024-05-31 11:01:55, gateway,ac-lanac.bkb.rnp.br,ro-ac-oi.bkb.rnp.br,cmt1-mxro-infobarra.bkb.rnp.br,cdf2-cmt1-telebras.bkb.rnp.br,cdf1-cdf2.bkb.rnp.br,mxam-cdf1-3g-sitelbra.bkb.rnp.br,ap1-am-tlb.bkb.rnp.br,popap-cap1.bkb.rnp.br,monipe-ap-atraso.rnp.br,,,,,,,,,,,,,,,,,,,,,913311613.0
1717420983,2024-06-03 10:23:03, gateway,ac-lanac.bkb.rnp.br,ro-ac-oi.bkb.rnp.br,cmt1-mxro-infobarra.bkb.rnp.br,cdf2-cmt1-telebras.bkb.rnp.br,cto1-cdf2-tlb.bkb.rnp.br,cpa1-cto1-tlb.bkb.rnp.br,ap1-pa1-tlb.bkb.rnp.br,popap-cap1.bkb.rnp.br,monipe-ap-atraso.rnp.br,,,,,,,,,,,,,,,,,,,,,895768039.0
1717452818,2024-06-03 19:13:38, gateway,ac-lanac.bkb.rnp.br,ro-ac-oi.bkb.rnp.br,cmt1-mxro-infobarra.bkb.rnp.br,cdf2-cmt1-telebras.bkb.rnp.br,cto1-cdf2-tlb.bkb.rnp.br,cpa1-cto1-tlb.bkb.rnp.br,ap1-pa1-tlb.bkb.rnp.br,popap-cap1.bkb.rnp.br,monipe-ap-atraso.rnp.br,,,,,,,,,,,,,,,,,,,,,917397445.0
1717548916,2024-06-04 21:55:16, gateway,ac-lanac.bkb.rnp.br,ro-ac-oi.bkb.rnp.br,cmt1-mxro-infobarra.bkb.rnp.br,cdf2-cmt1-telebras.bkb.rnp.br,cto1-cdf2-tlb.bkb.rnp.br,cpa1-cto1-tlb.bkb.rnp.br,ap1-pa1-tlb.bkb.rnp.br,popap-cap1.bkb.rnp.br,monipe-ap-atraso.rnp.br,,,,,,,,,,,,,,,,,,,,,905548875.0
1717582972,2024-06-05 07:22:52, gateway,ac-lanac.bkb.rnp.br,ro-ac-oi.bkb.rnp.br,cmt1-mxro-infobarra.bkb.rnp.br,cdf2-cmt1-telebras.bkb.rnp.br,cto1-cdf2-tlb.bkb.rnp.br,cpa1-cto1-tlb.bkb.rnp.br,ap1-pa1-tlb.bkb.rnp.br,popap-cap1.bkb.rnp.br,monipe-ap-atraso.rnp.br,,,,,,,,,,,,,,,,,,,,,920042470.0
1717828143,2024-06-08 03:29:03, gateway,ac-lanac.bkb.rnp.br,ro-ac-oi.bkb.rnp.br,cmt1-mxro-infobarra.bkb.rnp.br,cdf2-cmt1-telebras.bkb.rnp.br,cto1-cdf2-tlb.bkb.rnp.br,cpa1-cto1-tlb.bkb.rnp.br,ap1-pa1-tlb.bkb.rnp.br,popap-cap1.bkb.rnp.br,monipe-ap-atraso.rnp.br,,,,,,,,,,,,,,,,,,,,,921598238.0
1717891344,2024-06-08 21:02:24, gateway,ac-lanac.bkb.rnp.br,ro-ac-oi.bkb.rnp.br,cmt1-mxro-infobarra.bkb.rnp.br,cdf2-cmt1-telebras.bkb.rnp.br,cto1-cdf2-tlb.bkb.rnp.br,cpa1-cto1-tlb.bkb.rnp.br,ap1-pa1-tlb.bkb.rnp.br,popap-cap1.bkb.rnp.br,monipe-ap-atraso.rnp.br,,,,,,,,,,,,,,,,,,,,,919243756.0
1717981748,2024-06-09 22:09:08, gateway,ac-lanac.bkb.rnp.br,ro-ac-oi.bkb.rnp.br,cmt1-mxro-infobarra.bkb.rnp.br,cdf2-cmt1-telebras.bkb.rnp.br,cto1-cdf2-tlb.bkb.rnp.br,cpa1-cto1-tlb.bkb.rnp.br,ap1-pa1-tlb.bkb.rnp.br,popap-cap1.bkb.rnp.br,monipe-ap-atraso.rnp.br,,,,,,,,,,,,,,,,,,,,,708734183.0
1718062204,2024-06-10 20:30:04, gateway,ac-lanac.bkb.rnp.br,mxro-mxac-3g-allo.bkb.rnp.br,cmt1-mxro-infobarra.bkb.rnp.br,cdf2-cmt1-telebras.bkb.rnp.br,cto1-cdf2-tlb.bkb.rnp.br,cpa1-cto1-tlb.bkb.rnp.br,ap1-pa1-tlb.bkb.rnp.br,popap-cap1.bkb.rnp.br,monipe-ap-atraso.rnp.br,,,,,,,,,,,,,,,,,,,,,911414443.0
